{"docVersion":"1.0.0","resources":[{"name":"Agent","kind":"process","type":"agent","apiVersion":"orchestrator.uipath.com/v1","projectKey":"dc98627f-92ee-4bbf-85ee-8036c9f60e11","dependencies":[{"name":"Agent","kind":"package"}],"runtimeDependencies":[],"files":[],"folders":[{"fullyQualifiedName":"Solution Folder"}],"spec":{"entryPointUniqueId":null,"inputArgumentsSchema":null,"inputArgumentsSchemaV2":null,"type":"Agent","name":"Agent","description":null,"package":{"key":"782bdfe0-c2c3-4282-8827-45fbc1dd954b"},"packageName":"Solution.7.agent.Agent","packageVersion":null,"entryPointName":null,"inputArguments":"{}","hiddenForAttendedUser":false,"alwaysRunning":false,"autoStartProcess":false,"targetFrameworkValue":"Portable","agentMemory":false,"retentionAction":"Delete","retentionPeriod":30,"retentionBucketRef":null,"staleRetentionAction":"Delete","staleRetentionPeriod":180,"staleRetentionBucketRef":null,"entryPoints":null,"connections":null,"tags":[]},"locks":[],"key":"cab77e8e-1c5f-4ff7-a917-9606feec9079"},{"name":"Agent","kind":"package","apiVersion":"orchestrator.uipath.com/v1","projectKey":"dc98627f-92ee-4bbf-85ee-8036c9f60e11","dependencies":[],"runtimeDependencies":[],"files":[],"folders":[{"fullyQualifiedName":"Solution Folder"}],"spec":{"fileName":null,"fileReference":null,"name":"Agent","description":null},"locks":[],"key":"782bdfe0-c2c3-4282-8827-45fbc1dd954b"},{"name":"DATABASE","kind":"index","apiVersion":"ecs.uipath.com/v1","dependencies":[],"runtimeDependencies":[],"files":[],"folders":[{"fullyQualifiedName":"Solution Folder"}],"spec":{"name":"DATABASE","description":"","indexConfigurationJson":"{\u0022Version\u0022:3,\u0022Provider\u0022:1,\u0022DataSource\u0022:{\u0022Type\u0022:1,\u0022Properties\u0022:{\u0022folderName\u0022:\u0022Shared\u0022,\u0022directoryPath\u0022:\u0022/\u0022,\u0022storageBucketName\u0022:\u0022DATABSE\u0022,\u0022storageBucketId\u0022:\u002200000000-0000-0000-0000-000000000000\u0022,\u0022fileNameGlob\u0022:\u0022**/*\u0022}},\u0022EmbeddingModel\u0022:\u0022text-embedding-ada-002\u0022,\u0022UserFields\u0022:[]}","fileNameGlob":"All","includeSubfolders":true,"ingestionType":"Basic"},"locks":[],"key":"2dc82cbf-6036-47ba-f9ec-08de0b770db4"}],"folders":[{"fullyQualifiedName":"Solution Folder","path":"0a89b89c-7b5d-7c99-9fd9-4656357d12c2","key":"0a89b89c-7b5d-7c99-9fd9-4656357d12c2"}],"files":[],"rootFolderKey":"0a89b89c-7b5d-7c99-9fd9-4656357d12c2","key":"cc9d4eda-dc96-4e0d-a2cb-08de0b361a30"}