{
  "dto": {
    "id": "cc9d4eda-dc96-4e0d-a2cb-08de0b361a30",
    "name": "Solution 7",
    "lastModifiedTime": "2025-10-16T08:58:20.7269038Z",
    "projects": [
      {
        "id": "2148ed68-ae6e-420c-9341-8a8d3940001c",
        "designId": "dc98627f-92ee-4bbf-85ee-8036c9f60e11",
        "solutionId": "cc9d4eda-dc96-4e0d-a2cb-08de0b361a30",
        "projectType": "Agent",
        "name": "Agent",
        "lastModifiedTime": "2025-10-16T08:58:20.7269038Z",
        "creationTime": "2025-10-16T08:51:07.6328791Z",
        "userId": "ce57948b-1de1-491e-924c-e48df2f1cc47",
        "rootFolder": {
          "name": "2148ed68-ae6e-420c-9341-8a8d3940001c",
          "folders": [
            {
              "id": "560daa6f-8883-4ed9-ae22-d1b2116fee8c",
              "name": "resources",
              "folders": [
                {
                  "id": "0b6cb4a2-5bcf-46ce-9cd7-fdf915e28298",
                  "name": "DATABASE",
                  "folders": [],
                  "files": [
                    {
                      "id": "f7ccebc0-721c-4d12-99af-ec0ed8350521",
                      "name": "resource.json",
                      "isMain": false
                    }
                  ]
                },
                {
                  "id": "1c661432-d97b-4261-9a84-f91f9a990ef4",
                  "name": "Analyze Attachments",
                  "folders": [],
                  "files": [
                    {
                      "id": "96627b59-fb23-41a8-8c78-97bf64ac5510",
                      "name": "resource.json",
                      "isMain": false
                    }
                  ]
                }
              ],
              "files": []
            },
            {
              "id": "2121919d-708a-4dd0-a841-b74291d635ae",
              "name": "evals",
              "folders": [
                {
                  "id": "4bb9c808-09b1-4af7-8f6f-985ea063ad55",
                  "name": "evaluators",
                  "folders": [],
                  "files": [
                    {
                      "id": "5b55d327-3585-4e8d-b9b3-5c284aa7eb4d",
                      "name": "evaluator-default.json",
                      "isMain": false
                    },
                    {
                      "id": "0deebf77-1648-4911-b46f-9755a3b5e5c6",
                      "name": "evaluator-default-trajectory.json",
                      "isMain": false
                    }
                  ]
                },
                {
                  "id": "919b42e2-7775-466c-955a-2f4ef8fd158e",
                  "name": "eval-sets",
                  "folders": [],
                  "files": [
                    {
                      "id": "2662fc99-be97-4e55-a1f2-6f8ef81c61ed",
                      "name": "evaluation-set-default.json",
                      "isMain": false
                    }
                  ]
                }
              ],
              "files": []
            }
          ],
          "files": [
            {
              "id": "2748af7c-2c56-4d88-bf69-b23562607b4d",
              "name": "agent.json",
              "isMain": false
            },
            {
              "id": "da618b8f-aa1d-4e4e-be47-9b9235e320fa",
              "name": "entry-points.json",
              "isMain": false
            }
          ]
        },
        "dependencies": [],
        "hasTrigger": false,
        "disableAutoUpdate": false
      }
    ]
  },
  "folderSnapshot": {
    "filesHash": {
      "Agent/entry-points.json": "3cWVehh8W6RTmYbWe/bTjgchRLshpoirMBOaWPOBxKo=",
      "SolutionStorage.json": "RxIa0U/8wO6dDbgOfLJzBAVg73A6RLizSHyN2jlq\u002BUU=",
      "Agent/evals/eval-sets/evaluation-set-default.json": "nOq9KZZEHaodpQgTk0BBVu1PJ7eDFrvPn8wHcZwn5Qo=",
      "Agent/evals/evaluators/evaluator-default-trajectory.json": "Y907APH/5cGi7p2ZtefznqDQSi7HR2c2kEE9vjB2ayw=",
      "Solution 7.uipx": "ofYUNPr\u002B2WOXawrpkKZXLHnKwkvZio4atVVypz4HHn0=",
      "Agent/evals/evaluators/evaluator-default.json": "WG47PAPq0xRqCLraozdvf2DpGzf71DkfyxDxLbF539g=",
      "solutionResourcesDefinition.json": "QE9DPQZtM9b3P8a15ZDCHj9/p4BnGVnMKHa50rLma/Y=",
      "Agent/resources/DATABASE/resource.json": "RxRE231yrYmOIB9\u002Bu5oU8ryxg5td2bD6\u002B40gg\u002B0G47s=",
      "Agent/project.uiproj": "KGQt601rShiBhVvrY7XGIbAjgRWwsyU4fVRyieuW\u002BY4=",
      "Agent/resources/Analyze Attachments/resource.json": "KfTOiYPnPGqWlHin2SHeVt524k0FD6xilGcJWZSYIJI=",
      "userProfile/ce57948b-1de1-491e-924c-e48df2f1cc47/debug_overwrites.json": "wWajj4mKokXldA7ZO28/9alJErPUNJJ6rtph9Xtp\u002BgA=",
      "Agent/agent.json": "VBMKOkeZ00f/ACFpVd91DlXUjHYtLlljVQ4wyvokOrE="
    },
    "relativeFilesPaths": [
      "Agent/entry-points.json",
      "SolutionStorage.json",
      "Agent/evals/eval-sets/evaluation-set-default.json",
      "Agent/evals/evaluators/evaluator-default-trajectory.json",
      "Solution 7.uipx",
      "Agent/evals/evaluators/evaluator-default.json",
      "solutionResourcesDefinition.json",
      "Agent/resources/DATABASE/resource.json",
      "Agent/project.uiproj",
      "Agent/resources/Analyze Attachments/resource.json",
      "userProfile/ce57948b-1de1-491e-924c-e48df2f1cc47/debug_overwrites.json",
      "Agent/agent.json"
    ],
    "relativeFoldersPaths": [
      "Agent",
      "Agent/evals",
      "Agent/evals/eval-sets",
      "Agent/evals/evaluators",
      "Agent/resources",
      "Agent/resources/Analyze Attachments",
      "Agent/resources/DATABASE",
      "ResourceFiles",
      "userProfile",
      "userProfile/ce57948b-1de1-491e-924c-e48df2f1cc47"
    ]
  }
}